,start_station_id,boro_name
0,4488.09,Brooklyn
1,5616.08,Manhattan
2,6140.05,Manhattan
3,6850.01,Queens
4,4362.04,Brooklyn
5,6726.01,Manhattan
6,4519.04,Brooklyn
7,5763.03,Manhattan
8,3739.06,Brooklyn
9,7235.13,Manhattan
10,7937.15,Manhattan
11,6969.08,Manhattan
12,5473.03,Brooklyn
13,7713.01,Manhattan
14,6747.06,Manhattan
15,5270.08,Manhattan
16,4169.04,Brooklyn
17,4237.02,Brooklyn
18,5489.03,Brooklyn
19,7942.21,Manhattan
20,5164.04,Brooklyn
21,5944.01,Brooklyn
22,5550.05,Brooklyn
23,8356.02,Bronx
24,4452.01,Brooklyn
25,6115.06,Manhattan
26,5436.09,Manhattan
27,6197.02,Manhattan
28,4199.12,Brooklyn
29,5550.09,Brooklyn
30,7599.02,Manhattan
31,5542.04,Brooklyn
32,4266.03,Brooklyn
33,4461.01,Brooklyn
34,5414.07,Manhattan
35,4488.08,Brooklyn
36,7453.01,Manhattan
37,7920.05,Manhattan
38,4205.06,Brooklyn
39,6782.01,Queens
40,6584.12,Manhattan
41,7098.05,Queens
42,5065.14,Manhattan
43,8187.04,Manhattan
44,3628.11,Brooklyn
45,6708.04,Manhattan
46,7340.07,Manhattan
47,6004.06,Manhattan
48,3874.01,Brooklyn
49,4042.08,Brooklyn
50,3722.04,Brooklyn
51,6536.02,Queens
52,7146.04,Manhattan
53,7915.11,Manhattan
54,6819.15,Queens
55,6459.07,Manhattan
56,6212.04,Queens
57,6743.06,Queens
58,6682.03,Manhattan
59,4001.09,Brooklyn
60,4077.04,Brooklyn
61,6239.08,Manhattan
62,6688.01,Queens
63,4645.04,Brooklyn
64,7020.09,Manhattan
65,6822.09,Manhattan
66,7183.03,Manhattan
67,4258.07,Brooklyn
68,6254.06,Queens
69,6237.01,Queens
70,7646.04,Manhattan
71,6779.04,Manhattan
72,4596.09,Brooklyn
73,5247.1,Manhattan
74,4531.05,Brooklyn
75,3856.03,Brooklyn
76,7311.02,Manhattan
77,6923.2,Queens
78,6765.01,Manhattan
79,5854.09,Manhattan
80,6471.02,Queens
81,5779.09,Manhattan
82,6824.07,Manhattan
83,8194.07,Bronx
84,7520.07,Manhattan
85,7152.1,Queens
86,4028.03,Brooklyn
87,7932.1,Manhattan
88,8397.02,Bronx
89,8233.01,Bronx
90,8172.07,Manhattan
91,6857.09,Queens
92,5484.09,Manhattan
93,7502.01,Manhattan
94,4483.1,Brooklyn
95,8089.05,Manhattan
96,6306.06,Manhattan
97,6297.02,Manhattan
98,6605.08,Queens
99,6626.11,Manhattan
100,4645.09,Brooklyn
101,7284.01,Queens
102,7354.01,Manhattan
103,7701.21,Manhattan
104,4455.11,Brooklyn
105,5167.06,Manhattan
106,4143.04,Brooklyn
107,7611.02,Manhattan
108,8319.01,Bronx
109,8171.06,Bronx
110,6505.09,Queens
111,6532.06,Manhattan
112,6644.07,Manhattan
113,6937.07,Queens
114,5329.06,Manhattan
115,6464.08,Manhattan
116,6830.02,Manhattan
117,6608.09,Manhattan
118,6438.04,Queens
119,6762.02,Manhattan
120,8299.03,Manhattan
121,7023.04,Manhattan
122,5779.1,Manhattan
123,4193.14,Brooklyn
124,4322.06,Brooklyn
125,5610.09,Manhattan
126,6670.03,Queens
127,7643.18,Manhattan
128,3199.01,Brooklyn
129,7587.14,Manhattan
130,7003.03,Queens
131,4419.03,Brooklyn
132,3946.07,Brooklyn
133,7696.07,Manhattan
134,8005.03,Bronx
135,6170.02,Queens
136,7617.07,Manhattan
137,4611.03,Brooklyn
138,6569.08,Manhattan
139,5636.11,Manhattan
140,8153.1,Manhattan
141,5730.08,Manhattan
142,5755.01,Manhattan
143,5137.11,Manhattan
144,6989.07,Queens
145,5414.06,Manhattan
146,4993.15,Manhattan
147,5359.1,Manhattan
148,8122.04,Bronx
149,4371.01,Brooklyn
150,4476.03,Brooklyn
151,5980.07,Manhattan
152,8167.02,Bronx
153,6667.04,Manhattan
154,3847.04,Brooklyn
155,7159.08,Queens
156,7344.06,Manhattan
157,4903.08,Brooklyn
158,4101.17,Brooklyn
159,5805.05,Manhattan
160,6514.08,Queens
161,7018.01,Queens
162,8108.02,Manhattan
163,5838.09,Manhattan
164,6030.04,Manhattan
165,6650.08,Manhattan
166,6759.15,Queens
167,7126.01,Queens
168,5288.08,Manhattan
169,4781.05,Brooklyn
170,7543.15,Manhattan
171,8104.1,Manhattan
172,7837.3,Manhattan
173,4497.09,Brooklyn
174,5400.05,Manhattan
175,5752.07,Brooklyn
176,3776.05,Brooklyn
177,8118.02,Bronx
178,4231.04,Brooklyn
179,7606.01,Manhattan
180,5553.03,Manhattan
181,6046.02,Manhattan
182,7052.01,Manhattan
183,7692.11,Manhattan
184,7128.08,Manhattan
185,3611.02,Brooklyn
186,7905.05,Bronx
187,7230.1,Manhattan
188,6131.12,Manhattan
189,8841.03,Bronx
190,7062.07,Queens
191,6729.02,Queens
192,6912.01,Manhattan
193,5391.06,Manhattan
194,5905.12,Manhattan
195,4134.06,Brooklyn
196,5489.04,Brooklyn
197,4513.06,Brooklyn
198,6915.02,Queens
199,5382.06,Manhattan
200,3771.06,Brooklyn
201,7685.14,Manhattan
202,7340.06,Manhattan
203,6935.01,Queens
204,3707.01,Brooklyn
205,5712.12,Manhattan
206,7619.05,Manhattan
207,7116.04,Manhattan
208,7039.03,Queens
209,6650.07,Manhattan
210,3385.06,Brooklyn
211,6812.06,Queens
212,3169.07,Brooklyn
213,5279.03,Manhattan
214,6929.02,Queens
215,6004.07,Manhattan
216,6313.1,Manhattan
217,6089.08,Manhattan
218,4519.02,Brooklyn
219,6039.06,Manhattan
220,6579.03,Queens
221,6581.14,Queens
222,4366.01,Brooklyn
223,5300.05,Brooklyn
224,8206.17,Manhattan
225,5989.02,Manhattan
226,5303.08,Manhattan
227,5359.12,Manhattan
228,5964.01,Manhattan
229,5997.1,Manhattan
230,6629.06,Queens
231,4614.04,Brooklyn
232,6432.1,Manhattan
233,7314.03,Queens
234,7735.23,Manhattan
235,3211.06,Brooklyn
236,4455.1,Brooklyn
237,6462.19,Queens
238,5769.04,Manhattan
239,4692.01,Brooklyn
240,4600.09,Brooklyn
241,5905.14,Manhattan
242,4677.06,Brooklyn
243,8543.01,Manhattan
244,7945.07,Bronx
245,4847.03,Brooklyn
246,7909.07,Bronx
247,4807.02,Queens
248,4812.04,Brooklyn
249,8107.1,Bronx
250,7888.1,Bronx
251,4963.13,Queens
252,7868.05,Bronx
253,4829.01,Brooklyn
254,8044.09,Bronx
255,4517.03,Brooklyn
256,5569.06,Manhattan
257,3736.04,Brooklyn
258,4659.02,Brooklyn
259,7720.03,Manhattan
260,7860.08,Manhattan
261,4816.02,Brooklyn
262,5068.02,Brooklyn
263,7903.02,Manhattan
264,8254.01,Bronx
265,7884.04,Bronx
266,7823.03,Manhattan
267,7790.04,Manhattan
268,5066.03,Queens
269,7723.01,Manhattan
270,7910.01,Manhattan
271,4128.08,Brooklyn
272,4729.01,Brooklyn
273,3460.02,Brooklyn
274,7740.08,Bronx
275,7443.01,Manhattan
276,8088.01,Bronx
277,8018.09,Manhattan
278,7931.05,Bronx
279,4285.09,Brooklyn
280,8111.07,Bronx
281,7100.07,Manhattan
282,7488.24,Manhattan
283,4228.02,Brooklyn
284,8456.02,Bronx
285,4680.05,Brooklyn
286,5593.01,Manhattan
287,6280.12,Manhattan
288,7976.08,Manhattan
289,4494.04,Brooklyn
290,5004.02,Brooklyn
291,4422.04,Brooklyn
292,4074.03,Brooklyn
293,5184.08,Manhattan
294,3266.01,Brooklyn
295,4307.13,Brooklyn
296,7579.01,Manhattan
297,6890.01,Manhattan
298,3230.01,Brooklyn
299,4425.02,Brooklyn
300,4546.04,Brooklyn
301,5863.07,Manhattan
302,8194.06,Bronx
303,4437.09,Brooklyn
304,7386.1,Manhattan
305,7079.06,Manhattan
306,7793.02,Bronx
307,4222.02,Brooklyn
308,8353.02,Manhattan
309,7703.14,Bronx
310,8520.01,Bronx
311,8416.07,Manhattan
312,5354.01,Brooklyn
313,5743.02,Brooklyn
314,4843.01,Brooklyn
315,7883.06,Bronx
316,4895.09,Brooklyn
317,3135.04,Brooklyn
318,8049.1,Manhattan
319,3353.04,Brooklyn
320,8586.09,Bronx
321,7567.06,Manhattan
322,4775.01,Brooklyn
323,4214.03,Brooklyn
324,4357.01,Brooklyn
325,8085.13,Manhattan
326,5084.03,Brooklyn
327,8496.01,Manhattan
328,8632.07,Manhattan
329,7188.1,Manhattan
330,5262.09,Manhattan
331,8579.05,Manhattan
332,5602.06,Manhattan
333,8665.09,Manhattan
334,4479.06,Brooklyn
335,7188.13,Manhattan
336,7047.07,Queens
337,5561.04,Manhattan
338,6398.06,Manhattan
339,7800.03,Manhattan
340,3501.01,Brooklyn
341,5669.12,Manhattan
342,8575.02,Bronx
343,8613.09,Manhattan
344,8358.1,Manhattan
345,3220.01,Brooklyn
346,8041.07,Bronx
347,8474.02,Manhattan
348,5436.11,Manhattan
349,8491.07,Manhattan
350,6441.02,Manhattan
351,5938.11,Manhattan
352,3312.07,Brooklyn
353,5442.05,Brooklyn
354,7327.01,Manhattan
355,5955.12,Manhattan
356,7658.13,Manhattan
357,7954.12,Manhattan
358,5659.11,Manhattan
359,7650.05,Manhattan
360,5282.02,Brooklyn
361,5148.03,Brooklyn
362,5746.02,Manhattan
363,5190.07,Manhattan
364,5914.08,Manhattan
365,6432.11,Manhattan
366,3117.05,Brooklyn
367,6662.09,Queens
368,8265.09,Bronx
369,6464.09,Manhattan
370,5406.02,Manhattan
371,6659.1,Manhattan
372,5379.1,Brooklyn
373,7113.08,Manhattan
374,7082.14,Queens
375,4392.04,Brooklyn
376,8432.04,Manhattan
377,3253.01,Brooklyn
378,3084.05,Brooklyn
379,8547.04,Manhattan
380,8399.06,Manhattan
381,5687.04,Manhattan
382,3834.1,Brooklyn
383,7774.02,Manhattan
384,3050.03,Brooklyn
385,8453.14,Manhattan
386,5687.11,Manhattan
387,8213.01,Bronx
388,4107.05,Brooklyn
389,7845.1,Bronx
390,3388.02,Brooklyn
391,4751.01,Brooklyn
392,4873.08,Brooklyn
393,4956.02,Brooklyn
394,7853.01,Bronx
395,4568.01,Brooklyn
396,8290.01,Bronx
397,7991.01,Bronx
398,7935.07,Bronx
399,5170.01,Brooklyn
400,7952.02,Bronx
401,4474.01,Brooklyn
402,4522.07,Brooklyn
403,4784.02,Brooklyn
404,4582.05,Brooklyn
405,4920.11,Manhattan
406,5108.01,Brooklyn
407,3940.04,Brooklyn
408,8649.03,Bronx
409,5250.05,Brooklyn
410,4816.05,Brooklyn
411,8344.04,Bronx
412,8225.05,Bronx
413,5332.1,Brooklyn
414,8720.02,Bronx
415,8156.03,Bronx
416,8778.01,Bronx
417,8186.01,Bronx
418,7271.01,Queens
419,7807.04,Bronx
420,8707.01,Bronx
421,7835.1,Bronx
422,8643.01,Bronx
423,4890.11,Brooklyn
424,5860.02,Brooklyn
425,4768.02,Brooklyn
426,7913.15,Bronx
427,6554.05,Queens
428,4735.16,Queens
429,8752.01,Bronx
430,7918.12,Bronx
431,4422.05,Brooklyn
432,5096.11,Manhattan
433,7777.02,Bronx
434,8348.02,Bronx
435,8472.06,Bronx
436,7812.01,Bronx
437,4605.04,Brooklyn
438,4290.08,Brooklyn
439,5270.07,Manhattan
440,4336.01,Brooklyn
441,4263.12,Brooklyn
442,8040.03,Bronx
443,7925.04,Manhattan
444,4339.01,Brooklyn
445,4994.1,Queens
446,8555.05,Bronx
447,8699.01,Bronx
448,8156.01,Bronx
449,8095.06,Bronx
450,6072.06,Manhattan
451,7669.1,Bronx
452,7226.03,Queens
453,8277.03,Bronx
454,8096.03,Bronx
455,8216.02,Bronx
456,7504.12,Manhattan
457,8190.03,Bronx
458,5575.13,Manhattan
459,5146.03,Queens
460,4095.03,Brooklyn
461,7648.16,Manhattan
462,8682.06,Bronx
463,3019.02,Brooklyn
464,8782.01,Bronx
465,8636.04,Manhattan
466,4856.05,Brooklyn
467,7610.13,Manhattan
468,7922.01,Bronx
469,8403.02,Bronx
470,8664.06,Bronx
471,3931.09,Brooklyn
472,2971.02,Brooklyn
473,4327.09,Brooklyn
474,6131.13,Manhattan
475,4953.04,Manhattan
476,5581.01,Brooklyn
477,8175.06,Bronx
478,8795.01,Bronx
479,3000.08,Brooklyn
480,3879.04,Brooklyn
481,7068.07,Queens
482,3379.03,Brooklyn
483,6890.06,Manhattan
484,3166.03,Brooklyn
485,5159.07,Manhattan
486,8144.09,Bronx
487,5114.06,Manhattan
488,4019.06,Brooklyn
489,6756.05,Manhattan
490,5065.04,Manhattan
491,6766.03,Queens
492,8191.01,Manhattan
493,6789.04,Queens
494,6429.01,Queens
495,7849.1,Bronx
496,8076.01,Bronx
497,5093.01,Brooklyn
498,3842.08,Brooklyn
499,8152.03,Bronx
500,8676.01,Bronx
501,4883.03,Brooklyn
502,8052.01,Bronx
503,6753.08,Manhattan
504,7627.1,Manhattan
505,6361.03,Queens
506,7059.01,Manhattan
507,7855.03,Manhattan
508,7577.27,Manhattan
509,5779.08,Manhattan
510,7524.16,Manhattan
511,7680.03,Manhattan
512,7338.02,Manhattan
513,4565.04,Brooklyn
514,6072.11,Manhattan
515,4066.15,Brooklyn
516,6659.03,Manhattan
517,7323.09,Manhattan
518,4850.04,Brooklyn
519,6483.06,Manhattan
520,3993.03,Brooklyn
521,5797.01,Manhattan
522,3922.02,Brooklyn
523,4663.06,Brooklyn
524,5938.01,Manhattan
525,4683.02,Brooklyn
526,6795.01,Manhattan
527,3515.01,Brooklyn
528,5433.03,Brooklyn
529,8196.02,Bronx
530,6190.03,Manhattan
531,5062.01,Brooklyn
532,7372.1,Manhattan
533,6215.04,Manhattan
534,8021.11,Bronx
535,4789.03,Brooklyn
536,4617.01,Brooklyn
537,4190.06,Brooklyn
538,8080.01,Bronx
539,8205.05,Bronx
540,5125.03,Brooklyn
541,5422.04,Manhattan
542,4651.02,Brooklyn
543,5216.04,Manhattan
544,5515.02,Manhattan
545,7662.13,Manhattan
546,6511.03,Queens
547,4380.08,Brooklyn
548,4028.04,Brooklyn
549,6865.03,Queens
550,4404.1,Brooklyn
551,5869.04,Brooklyn
552,7137.04,Queens
553,6951.03,Queens
554,8307.05,Bronx
555,6827.11,Queens
556,3376.02,Brooklyn
557,7522.02,Manhattan
558,3428.02,Brooklyn
559,8269.01,Bronx
560,4632.1,Brooklyn
561,4656.03,Brooklyn
562,8182.02,Bronx
563,8126.07,Bronx
564,6128.04,Queens
565,2733.03,Brooklyn
566,3192.05,Brooklyn
567,7798.02,Bronx
568,8138.07,Manhattan
569,8811.01,Bronx
570,7178.02,Queens
571,6806.06,Queens
572,4695.04,Brooklyn
573,6257.03,Manhattan
574,6626.01,Manhattan
575,6960.1,Manhattan
576,7265.1,Manhattan
577,4507.07,Brooklyn
578,8507.02,Manhattan
579,8167.04,Bronx
580,3972.08,Brooklyn
581,5045.05,Brooklyn
582,4428.02,Brooklyn
583,4798.1,Queens
584,3056.05,Brooklyn
585,6804.01,Queens
586,8711.02,Bronx
587,6735.03,Queens
588,8619.02,Bronx
589,7957.11,Bronx
590,7066.01,Queens
591,7707.08,Bronx
592,4086.05,Brooklyn
593,7984.04,Bronx
594,4880.11,Queens
595,6621.06,Queens
596,8624.01,Bronx
597,8679.03,Manhattan
598,3011.03,Brooklyn
599,7821.01,Bronx
600,5241.02,Brooklyn
601,5470.12,Manhattan
602,8597.01,Bronx
603,5382.07,Manhattan
604,8316.02,Manhattan
605,7816.14,Bronx
606,4137.14,Brooklyn
607,5065.1,Manhattan
608,6364.1,Manhattan
609,5492.05,Manhattan
610,7652.04,Manhattan
611,7769.06,Manhattan
612,7281.09,Manhattan
613,7504.18,Manhattan
614,8384.03,Bronx
615,4553.04,Brooklyn
616,6889.12,Manhattan
617,3240.15,Brooklyn
618,7631.23,Manhattan
619,5034.03,Queens
620,5137.1,Manhattan
621,6425.04,Manhattan
622,4440.02,Manhattan
623,5578.02,Manhattan
624,6297.07,Manhattan
625,5117.05,Brooklyn
626,3344.02,Brooklyn
627,4914.03,Brooklyn
628,8057.02,Bronx
629,4590.01,Manhattan
630,6664.05,Queens
631,6203.02,Queens
632,5922.08,Manhattan
633,7830.03,Bronx
634,8111.04,Bronx
635,5788.12,Manhattan
636,6538.11,Queens
637,6682.08,Manhattan
638,5128.04,Manhattan
639,3272.01,Brooklyn
640,4203.04,Brooklyn
641,7074.01,Queens
642,8198.05,Bronx
643,7186.15,Queens
644,3202.06,Brooklyn
645,5403.05,Brooklyn
646,8734.04,Bronx
647,8183.02,Bronx
648,3243.02,Brooklyn
649,2872.02,Brooklyn
650,7940.02,Bronx
651,8141.01,Bronx
652,8550.04,Bronx
653,6526.05,Manhattan
654,6212.08,Queens
655,6955.05,Manhattan
656,4175.15,Brooklyn
657,8123.02,Manhattan
658,7636.05,Manhattan
659,7682.01,Manhattan
660,4700.06,Brooklyn
661,7640.04,Manhattan
662,7458.03,Manhattan
663,4724.03,Brooklyn
664,8085.05,Manhattan
665,5470.1,Manhattan
666,4821.06,Brooklyn
667,4927.04,Brooklyn
668,5204.05,Brooklyn
669,6286.02,Queens
670,3564.04,Brooklyn
671,7388.1,Manhattan
672,8060.01,Bronx
673,4526.01,Brooklyn
674,5115.01,Queens
675,4968.03,Brooklyn
676,6747.07,Manhattan
677,7414.17,Manhattan
678,4732.04,Brooklyn
679,7599.09,Manhattan
680,8069.01,Manhattan
681,8210.01,Manhattan
682,6535.04,Manhattan
683,7286.01,Manhattan
684,4936.14,Brooklyn
685,7595.17,Manhattan
686,7260.09,Manhattan
687,7863.03,Bronx
688,4718.08,Brooklyn
689,7759.08,Bronx
690,7409.08,Manhattan
691,7688.12,Manhattan
692,6876.04,Manhattan
693,7971.07,Manhattan
694,4434.06,Brooklyn
695,5679.05,Manhattan
696,4623.02,Brooklyn
697,7059.08,Manhattan
698,4546.05,Brooklyn
699,7456.03,Manhattan
700,4812.02,Brooklyn
701,4479.08,Brooklyn
702,7735.05,Manhattan
703,8065.13,Manhattan
704,7450.05,Manhattan
705,6569.07,Manhattan
706,7288.04,Manhattan
707,7738.04,Manhattan
708,3762.08,Brooklyn
709,4587.02,Brooklyn
710,7803.08,Bronx
711,4668.08,Brooklyn
712,8000.02,Bronx
713,7883.09,Bronx
714,6560.01,Manhattan
715,4735.03,Brooklyn
716,4748.07,Brooklyn
717,7580.01,Manhattan
718,4628.05,Brooklyn
719,7870.02,Bronx
720,8020.01,Bronx
721,7180.02,Manhattan
722,4470.09,Brooklyn
723,5561.06,Manhattan
724,7959.18,Manhattan
725,5545.01,Manhattan
726,7726.02,Bronx
727,6379.03,Manhattan
728,6303.01,Manhattan
729,7563.06,Manhattan
730,7851.04,Manhattan
731,5074.08,Queens
732,3507.04,Brooklyn
733,8179.03,Bronx
734,7898.03,Manhattan
735,7948.1,Bronx
736,6676.02,Manhattan
737,4010.01,Brooklyn
738,4033.06,Brooklyn
739,4386.05,Brooklyn
740,4441.06,Brooklyn
741,8425.01,Bronx
742,7655.22,Manhattan
743,7722.06,Bronx
744,5207.01,Manhattan
745,4157.15,Brooklyn
746,5359.11,Manhattan
747,8546.06,Bronx
748,5178.06,Brooklyn
749,8407.03,Bronx
750,3460.04,Brooklyn
751,7840.11,Bronx
752,7293.1,Manhattan
753,7716.19,Manhattan
754,7767.06,Bronx
755,7528.31,Manhattan
756,5450.04,Brooklyn
757,3306.03,Brooklyn
758,8416.1,Manhattan
759,3865.05,Brooklyn
760,7625.18,Manhattan
761,4861.05,Brooklyn
762,6740.01,Manhattan
763,3996.01,Brooklyn
764,8160.03,Bronx
765,7872.03,Manhattan
766,4895.03,Brooklyn
767,7670.09,Manhattan
768,7432.09,Manhattan
769,5755.09,Manhattan
770,4821.1,Brooklyn
771,7832.04,Manhattan
772,3394.03,Brooklyn
773,4762.05,Brooklyn
774,7463.09,Manhattan
775,6164.09,Manhattan
776,7092.06,Manhattan
777,4446.01,Brooklyn
778,5106.04,Queens
779,6450.12,Manhattan
780,7304.08,Manhattan
781,3620.02,Brooklyn
782,8072.06,Bronx
783,5623.03,Brooklyn
784,7541.01,Manhattan
785,7253.04,Manhattan
786,7432.04,Manhattan
787,7623.13,Manhattan
788,6306.01,Manhattan
789,5225.02,Queens
790,3347.03,Brooklyn
791,7756.1,Manhattan
792,4903.09,Brooklyn
793,7809.13,Manhattan
794,6953.08,Manhattan
795,4010.13,Brooklyn
796,6157.04,Manhattan
797,7149.05,Manhattan
798,6659.01,Manhattan
799,4821.03,Brooklyn
800,4637.06,Brooklyn
801,7121.05,Manhattan
802,4710.06,Brooklyn
803,7748.02,Manhattan
804,8366.07,Bronx
805,6948.1,Manhattan
806,6925.09,Manhattan
807,6717.06,Manhattan
808,4550.05,Brooklyn
809,5593.04,Manhattan
810,7123.04,Manhattan
811,3919.07,Brooklyn
812,7795.09,Manhattan
813,5024.09,Manhattan
814,7719.13,Bronx
815,6847.02,Manhattan
816,3803.09,Brooklyn
817,7360.1,Manhattan
818,4663.02,Brooklyn
819,7365.08,Manhattan
820,7712.06,Bronx
821,4596.05,Brooklyn
822,6331.01,Manhattan
823,4939.07,Brooklyn
824,6115.09,Manhattan
825,5145.02,Manhattan
826,7161.08,Manhattan
827,8353.09,Manhattan
828,7634.01,Manhattan
829,6854.05,Manhattan
830,4804.02,Brooklyn
831,4707.04,Brooklyn
832,6441.01,Manhattan
833,6816.07,Manhattan
834,3523.06,Brooklyn
835,6089.07,Manhattan
836,8582.02,Bronx
837,4689.03,Brooklyn
838,8049.05,Manhattan
839,3928.08,Brooklyn
840,7443.17,Manhattan
841,7744.06,Bronx
842,5374.01,Manhattan
843,8472.08,Bronx
844,4713.01,Brooklyn
845,4184.07,Brooklyn
846,4677.01,Brooklyn
847,5523.02,Manhattan
848,4707.03,Brooklyn
849,4225.14,Brooklyn
850,6064.08,Manhattan
851,7879.01,Bronx
852,8077.07,Bronx
853,8013.07,Manhattan
854,4208.01,Brooklyn
855,6551.02,Manhattan
856,4936.01,Brooklyn
857,4452.03,Brooklyn
858,7927.08,Bronx
859,7511.19,Manhattan
860,5082.08,Brooklyn
861,6517.08,Manhattan
862,8114.02,Bronx
863,7745.07,Manhattan
864,5532.01,Manhattan
865,7014.12,Manhattan
866,5181.04,Manhattan
867,4792.03,Brooklyn
868,8092.06,Bronx
869,7840.05,Bronx
870,3651.04,Brooklyn
871,6593.15,Manhattan
872,4319.07,Brooklyn
873,7622.12,Manhattan
874,7540.02,Manhattan
875,4853.06,Brooklyn
876,4095.1,Brooklyn
877,7712.04,Bronx
878,4010.15,Brooklyn
879,7753.13,Manhattan
880,6904.06,Manhattan
881,8563.06,Manhattan
882,8428.03,Bronx
883,5303.06,Manhattan
884,4413.08,Brooklyn
885,7654.04,Bronx
886,6190.08,Manhattan
887,5001.08,Manhattan
888,8016.07,Bronx
889,7382.04,Manhattan
890,3699.07,Brooklyn
891,8029.28,Manhattan
892,8137.06,Bronx
893,5297.02,Manhattan
894,6955.01,Manhattan
895,6345.08,Manhattan
896,8441.05,Bronx
897,5820.08,Manhattan
898,5503.01,Brooklyn
899,4971.01,Brooklyn
900,5190.09,Manhattan
901,4151.01,Brooklyn
902,6732.01,Manhattan
903,8119.05,Manhattan
904,3731.11,Brooklyn
905,8336.02,Manhattan
906,4255.05,Brooklyn
907,5379.09,Brooklyn
908,8583.02,Manhattan
909,3696.05,Brooklyn
910,4051.01,Brooklyn
911,8579.09,Manhattan
912,4161.01,Brooklyn
913,5288.09,Manhattan
914,3803.05,Brooklyn
915,3451.01,Brooklyn
916,5025.02,Queens
917,6801.01,Manhattan
918,5073.07,Manhattan
919,6197.08,Manhattan
920,4732.08,Brooklyn
921,6932.15,Manhattan
922,3498.09,Brooklyn
923,8605.06,Bronx
924,6541.03,Manhattan
925,5788.13,Manhattan
926,3905.15,Brooklyn
927,8535.01,Bronx
928,4840.06,Brooklyn
929,4110.1,Brooklyn
930,8320.01,Manhattan
931,3460.01,Brooklyn
932,5430.08,Manhattan
933,7737.06,Bronx
934,5294.04,Manhattan
935,6920.03,Manhattan
936,6998.08,Manhattan
937,4281.08,Brooklyn
938,8033.09,Manhattan
939,6098.1,Manhattan
940,6474.11,Manhattan
941,8100.01,Manhattan
942,7687.05,Bronx
943,7212.05,Manhattan
944,7886.02,Manhattan
945,3208.07,Brooklyn
946,4278.03,Brooklyn
947,4143.03,Brooklyn
948,8226.06,Manhattan
949,7981.16,Manhattan
950,4765.07,Queens
951,7997.08,Manhattan
952,4608.01,Brooklyn
953,5348.02,Brooklyn
954,4898.02,Brooklyn
955,4237.01,Brooklyn
956,5626.15,Manhattan
957,3987.06,Brooklyn
958,4045.01,Brooklyn
959,5018.06,Brooklyn
960,4628.07,Brooklyn
961,7154.07,Manhattan
962,4510.04,Brooklyn
963,5696.03,Manhattan
964,3955.05,Brooklyn
965,5270.05,Manhattan
966,4993.02,Manhattan
967,4116.08,Brooklyn
968,8226.07,Manhattan
969,8249.1,Bronx
970,4249.1,Brooklyn
971,5335.07,Manhattan
972,8008.03,Bronx
973,7084.12,Manhattan
974,5644.05,Manhattan
975,8441.01,Bronx
976,5669.1,Manhattan
977,7713.11,Manhattan
978,7741.01,Manhattan
979,7881.09,Manhattan
980,6322.01,Manhattan
981,5613.04,Brooklyn
982,5788.16,Manhattan
983,4054.02,Brooklyn
984,4634.02,Brooklyn
985,3547.04,Brooklyn
986,5329.03,Manhattan
987,4762.04,Brooklyn
988,5010.02,Brooklyn
989,4461.04,Brooklyn
990,4743.04,Brooklyn
991,5090.06,Brooklyn
992,6720.07,Queens
993,7704.04,Manhattan
994,3579.04,Brooklyn
995,7667.04,Manhattan
996,8303.06,Bronx
997,3093.07,Brooklyn
998,4654.01,Queens
999,4354.07,Brooklyn
1000,5051.02,Brooklyn
1001,7876.07,Manhattan
1002,4931.05,Brooklyn
1003,5288.12,Manhattan
1004,8009.05,Manhattan
1005,5914.03,Manhattan
1006,4175.14,Brooklyn
1007,6560.15,Manhattan
1008,8566.05,Bronx
1009,7524.09,Manhattan
1010,7286.05,Manhattan
1011,6991.12,Manhattan
1012,4060.09,Brooklyn
1013,4954.07,Queens
1014,4697.01,Brooklyn
1015,3914.02,Brooklyn
1016,7910.1,Manhattan
1017,7992.04,Manhattan
1018,6611.02,Manhattan
1019,4801.04,Brooklyn
1020,4781.03,Brooklyn
1021,4832.07,Brooklyn
1022,8054.04,Manhattan
1023,4715.01,Brooklyn
1024,5476.03,Manhattan
1025,7028.04,Manhattan
1026,7286.02,Manhattan
1027,4124.04,Brooklyn
1028,4437.01,Brooklyn
1029,7407.13,Manhattan
1030,7207.08,Manhattan
1031,6055.08,Manhattan
1032,6173.08,Manhattan
1033,4354.05,Brooklyn
1034,6602.03,Manhattan
1035,4889.06,Manhattan
1036,6474.12,Manhattan
1037,4756.04,Brooklyn
1038,6779.05,Manhattan
1039,4906.07,Brooklyn
1040,6233.05,Manhattan
1041,3588.01,Brooklyn
1042,4947.04,Brooklyn
1043,6450.05,Manhattan
1044,5175.08,Manhattan
1045,7436.11,Manhattan
1046,5216.06,Manhattan
1047,7602.05,Manhattan
1048,4395.07,Brooklyn
1049,4993.13,Manhattan
1050,4665.02,Brooklyn
1051,8085.09,Manhattan
1052,3161.02,Brooklyn
1053,4217.02,Brooklyn
1054,8582.09,Bronx
1055,7393.09,Manhattan
1056,8323.05,Bronx
1057,4157.1,Brooklyn
1058,6122.09,Manhattan
1059,8103.05,Bronx
1060,7783.18,Manhattan
1061,7814.01,Manhattan
1062,8500.01,Bronx
1063,4345.11,Brooklyn
1064,7820.05,Bronx
1065,5351.03,Manhattan
1066,7538.14,Manhattan
1067,8096.02,Bronx
1068,8344.09,Bronx
1069,8145.03,Bronx
1070,6809.09,Manhattan
1071,7175.05,Manhattan
1072,4513.09,Brooklyn
1073,6575.03,Manhattan
1074,6266.06,Manhattan
1075,8532.03,Manhattan
1076,7484.05,Manhattan
1077,6839.04,Manhattan
1078,7204.08,Manhattan
1079,4846.01,Manhattan
1080,8653.09,Bronx
1081,5626.06,Manhattan
1082,3668.04,Brooklyn
1083,4591.04,Brooklyn
1084,5470.13,Manhattan
1085,4620.02,Brooklyn
1086,7596.1,Manhattan
1087,7893.05,Manhattan
1088,4528.01,Brooklyn
1089,8285.09,Bronx
1090,7049.04,Manhattan
1091,6578.01,Manhattan
1092,6617.09,Manhattan
1093,7967.04,Bronx
1094,8133.08,Bronx
1095,5453.05,Manhattan
1096,6700.14,Manhattan
1097,8226.05,Manhattan
1098,4921.04,Queens
1099,8340.05,Bronx
1100,4368.05,Brooklyn
1101,7057.07,Manhattan
1102,4818.03,Brooklyn
1103,6839.1,Manhattan
1104,8229.04,Bronx
1105,5653.12,Manhattan
1106,3978.13,Brooklyn
1107,6896.16,Manhattan
1108,6893.1,Queens
1109,5115.05,Queens
1110,7639.06,Bronx
1111,6030.06,Manhattan
1112,6569.09,Manhattan
1113,3125.09,Brooklyn
1114,5259.06,Brooklyn
1115,5553.1,Manhattan
1116,7920.01,Manhattan
1117,6224.03,Manhattan
1118,5308.04,Brooklyn
1119,7141.07,Manhattan
1120,3280.04,Brooklyn
1121,7243.04,Manhattan
1122,4107.13,Brooklyn
1123,6740.1,Manhattan
1124,3538.09,Brooklyn
1125,8601.04,Bronx
1126,3960.01,Brooklyn
1127,4399.03,Brooklyn
1128,6691.11,Manhattan
1129,4243.01,Brooklyn
1130,4125.07,Brooklyn
1131,7626.02,Bronx
1132,4077.07,Brooklyn
1133,8018.04,Manhattan
1134,5616.01,Manhattan
1135,7727.08,Manhattan
1136,5002.09,Queens
1137,6659.09,Manhattan
1138,8157.06,Manhattan
1139,4987.06,Brooklyn
1140,5342.1,Manhattan
1141,6072.14,Manhattan
1142,4432.1,Brooklyn
1143,8465.01,Bronx
1144,7788.13,Bronx
1145,5043.06,Brooklyn
1146,6486.07,Queens
1147,6289.06,Manhattan
1148,3275.03,Brooklyn
1149,6352.01,Queens
1150,4446.05,Brooklyn
1151,6737.03,Queens
1152,7119.04,Queens
1153,5788.15,Manhattan
1154,5666.04,Brooklyn
1155,5515.08,Manhattan
1156,5626.13,Manhattan
1157,6879.04,Queens
1158,5712.03,Manhattan
1159,6416.06,Manhattan
1160,6495.17,Queens
1161,7144.02,Queens
1162,5886.02,Manhattan
1163,5584.04,Manhattan
1164,5785.1,Brooklyn
1165,6762.04,Manhattan
1166,5847.08,Manhattan
1167,6842.02,Queens
1168,6151.05,Queens
1169,7741.04,Manhattan
1170,6662.01,Queens
1171,4298.05,Brooklyn
1172,6860.12,Manhattan
1173,5105.09,Manhattan
1174,6422.09,Manhattan
1175,6723.1,Manhattan
1176,3704.04,Brooklyn
1177,5922.07,Manhattan
1178,6230.04,Manhattan
1179,5971.08,Manhattan
1180,7196.04,Queens
1181,6703.06,Queens
1182,5445.07,Manhattan
1183,4864.09,Brooklyn
1184,7981.27,Manhattan
1185,6395.01,Queens
1186,5847.06,Manhattan
1187,4330.09,Brooklyn
1188,6179.07,Queens
1189,6389.09,Manhattan
1190,6756.01,Manhattan
1191,3736.03,Brooklyn
1192,4962.01,Manhattan
1193,5826.02,Brooklyn
1194,6382.05,Manhattan
1195,6520.06,Queens
1196,3882.01,Brooklyn
1197,6498.09,Manhattan
1198,6206.08,Manhattan
1199,6599.01,Manhattan
1200,5323.05,Brooklyn
1201,3046.03,Brooklyn
1202,6498.1,Manhattan
1203,4348.07,Brooklyn
1204,5187.03,Brooklyn
1205,5721.14,Manhattan
1206,8012.04,Bronx
1207,6319.07,Queens
1208,5746.14,Manhattan
1209,6441.06,Manhattan
1210,6958.06,Queens
1211,6462.05,Queens
1212,7571.01,Manhattan
1213,6182.02,Manhattan
1214,6022.04,Manhattan
1215,5977.01,Brooklyn
1216,5772.05,Manhattan
1217,5500.02,Manhattan
1218,5371.07,Brooklyn
1219,3887.03,Brooklyn
1220,7111.1,Queens
1221,8358.03,Manhattan
1222,6079.03,Manhattan
1223,5593.02,Manhattan
1224,5500.07,Manhattan
1225,6151.03,Queens
1226,6614.01,Queens
1227,3492.04,Brooklyn
1228,5721.01,Manhattan
1229,5755.14,Manhattan
1230,4560.01,Brooklyn
1231,6459.04,Manhattan
1232,6926.01,Manhattan
1233,6224.05,Manhattan
1234,8655.02,Manhattan
1235,6227.02,Queens
1236,7618.01,Manhattan
1237,4837.03,Queens
1238,6656.05,Queens
1239,6981.16,Queens
1240,3665.06,Brooklyn
1241,7514.01,Manhattan
1242,3811.05,Brooklyn
1243,4166.08,Brooklyn
1244,5411.07,Brooklyn
1245,6453.02,Queens
1246,5575.08,Manhattan
1247,7365.13,Manhattan
1248,4979.07,Brooklyn
1249,6148.02,Manhattan
1250,5626.07,Manhattan
1251,7026.08,Queens
1252,5291.05,Brooklyn
1253,6364.07,Manhattan
1254,6520.07,Queens
1255,3779.02,Brooklyn
1256,5411.08,Brooklyn
1257,6932.14,Manhattan
1258,6638.01,Queens
1259,6750.16,Queens
1260,5785.05,Brooklyn
1261,6407.07,Manhattan
1262,4824.03,Brooklyn
1263,6435.02,Queens
1264,3850.03,Brooklyn
1265,6137.04,Queens
1266,6310.06,Queens
1267,6602.05,Manhattan
1268,5362.08,Brooklyn
1269,5659.05,Manhattan
1270,6798.01,Queens
1271,6401.01,Queens
1272,6679.11,Queens
1273,7865.09,Manhattan
1274,6529.02,Queens
1275,6994.06,Queens
1276,5929.01,Manhattan
1277,3596.04,Brooklyn
1278,5872.1,Manhattan
1279,5847.01,Manhattan
1280,6943.07,Queens
1281,5584.05,Manhattan
1282,5442.09,Brooklyn
1283,5403.04,Brooklyn
1284,7818.17,Manhattan
1285,5300.06,Brooklyn
1286,4148.07,Brooklyn
1287,5267.09,Brooklyn
1288,7144.01,Queens
1289,6248.06,Manhattan
1290,5520.09,Brooklyn
1291,7032.02,Queens
1292,5453.01,Manhattan
1293,5406.04,Manhattan
1294,5335.03,Manhattan
1295,7966.02,Bronx
1296,5569.07,Manhattan
1297,5679.08,Manhattan
1298,7163.07,Queens
1299,5267.08,Brooklyn
1300,5880.02,Manhattan
1301,5545.04,Manhattan
1302,7342.01,Queens
1303,4721.01,Brooklyn
1304,8665.02,Manhattan
1305,8514.05,Bronx
1306,5481.04,Brooklyn
1307,5721.07,Manhattan
1308,5235.05,Brooklyn
1309,7962.01,Bronx
1310,5922.04,Manhattan
1311,8099.04,Bronx
1312,5947.04,Manhattan
1313,7858.02,Bronx
1314,4759.02,Brooklyn
1315,7781.1,Bronx
1316,8732.04,Manhattan
1317,5445.02,Manhattan
1318,6654.05,Queens
1319,5794.05,Brooklyn
1320,7003.06,Queens
1321,6596.1,Queens
1322,5065.12,Manhattan
1323,7901.04,Bronx
1324,7220.01,Queens
1325,6545.07,Queens
1326,7009.06,Queens
1327,7803.03,Bronx
1328,7691.05,Bronx
1329,8579.03,Manhattan
1330,6907.03,Queens
1331,7202.07,Queens
1332,8650.11,Manhattan
1333,5059.02,Brooklyn
1334,5198.04,Manhattan
1335,5159.04,Manhattan
1336,5365.02,Manhattan
1337,5238.05,Manhattan
1338,5027.02,Brooklyn
1339,5156.05,Brooklyn
1340,3981.1,Brooklyn
1341,4377.04,Brooklyn
1342,7233.05,Queens
1343,5633.04,Brooklyn
1344,7896.11,Bronx
1345,8149.09,Bronx
1346,4119.04,Brooklyn
1347,8024.05,Bronx
1348,7995.04,Bronx
1349,5270.09,Manhattan
1350,6644.04,Manhattan
1351,5326.06,Manhattan
1352,6887.03,Queens
1353,8528.05,Manhattan
1354,3233.06,Brooklyn
1355,6247.06,Manhattan
1356,7291.06,Queens
1357,6711.13,Queens
1358,7979.01,Bronx
1359,7755.03,Bronx
1360,6901.01,Queens
1361,6814.01,Manhattan
1362,8068.01,Bronx
1363,8004.03,Bronx
1364,5140.06,Brooklyn
1365,7983.04,Bronx
1366,6572.08,Queens
1367,7979.17,Bronx
1368,8005.08,Bronx
1369,7009.02,Queens
1370,6587.04,Queens
1371,8262.07,Manhattan
1372,5033.01,Manhattan
1373,5099.03,Brooklyn
1374,7391.02,Queens
1375,7363.04,Queens
1376,6774.13,Queens
1377,5709.03,Brooklyn
1378,8025.01,Bronx
1379,5506.1,Manhattan
1380,8715.01,Manhattan
1381,3555.04,Brooklyn
1382,7642.04,Bronx
1383,6563.12,Queens
1384,5736.09,Manhattan
1385,5125.07,Brooklyn
1386,7987.14,Bronx
1387,8594.02,Manhattan
1388,7944.11,Bronx
1389,5506.14,Manhattan
1390,8130.02,Bronx
1391,7657.03,Bronx
1392,8048.01,Bronx
1393,8036.05,Bronx
1394,4996.08,Brooklyn
1395,8511.08,Manhattan
1396,8715.06,Manhattan
1397,5210.01,Brooklyn
1398,8616.06,Manhattan
1399,5036.06,Brooklyn
1400,3007.05,Brooklyn
1401,6319.01,Queens
1402,4962.08,Manhattan
1403,8379.07,Bronx
1404,3426.02,Brooklyn
1405,5099.02,Brooklyn
1406,8241.07,Bronx
1407,4640.01,Brooklyn
1408,2883.03,Brooklyn
1409,8356.04,Bronx
1410,4137.1,Brooklyn
1411,5433.04,Brooklyn
1412,3420.01,Brooklyn
1413,8281.06,Bronx
1414,7974.01,Bronx
1415,3356.05,Brooklyn
1416,8115.01,Bronx
1417,8327.15,Bronx
1418,3457.03,Brooklyn
1419,8366.06,Bronx
1420,2832.03,Brooklyn
1421,4990.02,Brooklyn
1422,8081.01,Bronx
1423,3532.02,Brooklyn
1424,3303.01,Brooklyn
1425,6873.01,Queens
1426,7891.06,Bronx
1427,3178.02,Brooklyn
1428,4965.01,Brooklyn
1429,7906.13,Bronx
1430,5137.13,Manhattan
1431,4672.01,Brooklyn
1432,8510.02,Bronx
1433,8061.01,Bronx
1434,8278.05,Manhattan
1435,8766.03,Bronx
1436,4202.04,Brooklyn
1437,3283.05,Brooklyn
1438,8084.03,Bronx
1439,4086.06,Brooklyn
1440,8163.05,Bronx
1441,8285.11,Bronx
1442,5509.02,Manhattan
1443,8734.02,Bronx
1444,8242.04,Manhattan
1445,8799.01,Bronx
1446,3704.08,Brooklyn
1447,4798.02,Queens
1448,3138.09,Brooklyn
1449,5051.01,Brooklyn
1450,5123.07,Brooklyn
1451,4244.06,Brooklyn
1452,8478.11,Bronx
1453,4317.05,Brooklyn
1454,5539.06,Manhattan
1455,8394.15,Manhattan
1456,3315.05,Brooklyn
1457,8183.08,Bronx
1458,2932.01,Brooklyn
1459,8218.04,Bronx
1460,8458.03,Manhattan
1461,7970.05,Bronx
1462,7842.16,Manhattan
1463,8052.02,Bronx
1464,7751.05,Bronx
1465,6996.01,Queens
1466,8236.01,Bronx
1467,5854.1,Manhattan
1468,8667.01,Bronx
1469,6966.04,Queens
1470,8110.04,Bronx
1471,2961.05,Brooklyn
1472,6836.07,Queens
1473,5273.01,Brooklyn
1474,6566.01,Manhattan
1475,4374.01,Manhattan
1476,8129.02,Bronx
1477,3090.06,Brooklyn
1478,8483.02,Bronx
1479,8738.01,Bronx
1480,8646.02,Bronx
1481,8647.07,Manhattan
1482,3129.08,Brooklyn
1483,8639.01,Bronx
1484,8048.04,Bronx
1485,8535.09,Bronx
1486,8462.09,Bronx
1487,8717.07,Bronx
1488,8064.03,Bronx
1489,8381.04,Manhattan
1490,7032.06,Queens
1491,8748.02,Bronx
1492,8571.02,Bronx
1493,8550.01,Bronx
1494,8631.03,Bronx
1495,2951.05,Brooklyn
1496,8795.03,Bronx
1497,8635.08,Bronx
1498,4013.08,Brooklyn
1499,7210.07,Queens
1500,8362.09,Bronx
1501,2782.02,Brooklyn
1502,2912.08,Brooklyn
1503,8590.01,Bronx
1504,2923.01,Brooklyn
1505,7844.05,Bronx
1506,6964.05,Queens
1507,7060.02,Queens
1508,6927.03,Queens
1509,7170.04,Queens
1510,8209.01,Bronx
1511,8615.01,Bronx
1512,8435.06,Bronx
1513,8245.03,Bronx
1514,7867.04,Bronx
1515,8703.05,Bronx
1516,8494.06,Bronx
1517,7132.08,Queens
1518,8539.02,Bronx
1519,8696.05,Manhattan
1520,7613.04,Bronx
1521,5230.02,Manhattan
1522,5024.1,Manhattan
1523,6089.11,Manhattan
1524,5886.13,Manhattan
1525,5971.09,Manhattan
1526,7845.06,Bronx
1527,5805.07,Manhattan
1528,5343.11,Manhattan
1529,6611.05,Manhattan
1530,7482.15,Manhattan
1531,5430.1,Manhattan
1532,3038.08,Brooklyn
1533,5453.06,Manhattan
1534,6373.07,Manhattan
1535,8428.04,Bronx
1536,5779.11,Manhattan
1537,5703.13,Manhattan
1538,6809.07,Manhattan
1539,5021.05,Brooklyn
1540,7256.01,Queens
1541,7940.04,Bronx
1542,8435.04,Bronx
1543,8469.05,Manhattan
1544,6884.03,Manhattan
1545,7538.18,Manhattan
1546,5368.03,Manhattan
1547,6098.12,Manhattan
1548,5351.07,Manhattan
1549,7121.02,Manhattan
1550,6474.02,Manhattan
1551,6526.01,Manhattan
1552,7587.16,Manhattan
1553,4962.02,Manhattan
1554,7034.08,Queens
1555,7344.05,Manhattan
1556,3660.07,Brooklyn
1557,5329.08,Manhattan
1558,4920.13,Manhattan
1559,5470.02,Manhattan
1560,8494.01,Bronx
1561,7803.02,Bronx
1562,6560.14,Manhattan
1563,2932.03,Brooklyn
1564,6224.06,Manhattan
1565,6492.04,Manhattan
1566,6398.08,Manhattan
1567,6185.04,Queens
1568,6334.03,Queens
1569,5917.02,Queens
1570,6110.01,Queens
1571,5883.06,Queens
1572,5992.02,Queens
1573,5323.06,Brooklyn
1574,5896.01,Manhattan
1575,6143.01,Queens
1576,6260.04,Queens
1577,8647.1,Manhattan
1578,7034.09,Queens
1579,6300.04,Queens
1580,6001.01,Queens
1581,8432.11,Manhattan
1582,6033.01,Queens
1583,6242.1,Queens
1584,6092.01,Queens
1585,6016.06,Queens
1586,5983.04,Queens
1587,6283.05,Queens
1588,6251.06,Queens
1589,6158.02,Queens
1590,6209.05,Queens
1591,6316.05,Queens
1592,6176.11,Queens
1593,6502.01,Queens
1594,6101.11,Queens
1595,6134.13,Queens
1596,6167.03,Queens
1597,6200.03,Queens
1598,8559.04,Manhattan
1599,6292.03,Queens
1600,6134.03,Queens
1601,6349.03,Queens
1602,6025.08,Queens
1603,6276.05,Queens
1604,6158.06,Queens
1605,6435.03,Queens
1606,6325.01,Queens
1607,6143.05,Queens
1608,6358.05,Queens
1609,6209.08,Queens
1610,6218.04,Queens
1611,5096.12,Manhattan
1612,6058.08,Queens
1613,6067.01,Queens
1614,6392.02,Queens
1615,6468.01,Queens
1616,6191.06,Queens
1617,6234.04,Queens
1618,6569.1,Manhattan
1619,6426.05,Queens
1620,6276.02,Queens
1621,6422.08,Manhattan
1622,6401.03,Queens
1623,6234.03,Queens
1624,8076.08,Bronx
1625,4199.13,Brooklyn
1626,6307.07,Queens
1627,6076.02,Queens
1628,5359.13,Manhattan
1629,6107.08,Manhattan
1630,5164.05,Brooklyn
1631,6108.03,Queens
1632,6149.02,Queens
1633,6116.03,Queens
1634,6013.12,Manhattan
1635,3460.05,Manhattan
1636,4648.03,Brooklyn
1637,6786.02,Manhattan
1638,6460.06,Queens
1639,4543.07,Brooklyn
1640,5998.09,Queens
1641,6267.08,Queens
1642,8428.05,Bronx
1643,6258.03,Queens
1644,4582.08,Brooklyn
1645,4458.06,Brooklyn
1646,3019.03,Brooklyn
1647,6417.04,Queens
1648,6417.11,Queens
1649,6191.04,Queens
1650,6340.09,Queens
1651,6183.03,Queens
1652,6225.03,Queens
1653,2821.05,Brooklyn
1654,7942.07,Manhattan
1655,5636.13,Manhattan
1656,6383.02,Queens
1657,6141.02,Queens
1658,4895.15,Brooklyn
1659,4467.03,Brooklyn
1660,5772.07,Manhattan
1661,4416.1,Brooklyn
1662,4479.1,Brooklyn
1663,5105.01,Manhattan
1664,4228.06,Brooklyn
1665,4138.04,Brooklyn
1666,4212.01,Brooklyn
1667,6617.02,Manhattan
1668,4383.06,Brooklyn
1669,4450.06,Brooklyn
1670,4556.08,Brooklyn
1671,4565.07,Brooklyn
1672,4196.05,Brooklyn
1673,4334.02,Brooklyn
1674,4261.03,Brooklyn
1675,4342.04,Brooklyn
1676,4325.03,Brooklyn
1677,4491.09,Brooklyn
1678,4179.03,Brooklyn
1679,4087.01,Brooklyn
1680,4293.05,Brooklyn
1681,4187.04,Brooklyn
1682,4170.08,Brooklyn
1683,4253.02,Brooklyn
1684,7727.07,Manhattan
1685,3984.02,Brooklyn
1686,4074.14,Brooklyn
1687,4172.04,Brooklyn
1688,4098.06,Brooklyn
1689,4220.02,Brooklyn
1690,4181.1,Brooklyn
1691,4140.03,Brooklyn
1692,3943.03,Brooklyn
1693,6514.03,Queens
1694,4689.08,Brooklyn
1695,4301.07,Brooklyn
1696,4089.01,Brooklyn
1697,3934.04,Brooklyn
1698,3975.02,Brooklyn
1699,3966.01,Brooklyn
1700,4576.11,Brooklyn
1701,4246.02,Brooklyn
1702,4057.04,Brooklyn
1703,4366.1,Brooklyn
1704,4048.03,Brooklyn
1705,4154.02,Brooklyn
1706,3862.07,Brooklyn
1707,4039.04,Brooklyn
1708,4301.04,Brooklyn
1709,3966.03,Brooklyn
1710,4122.03,Brooklyn
1711,3934.06,Brooklyn
1712,4016.03,Brooklyn
1713,4025.02,Brooklyn
1714,4936.21,Brooklyn
1715,4007.01,Brooklyn
1716,6644.08,Manhattan
1717,3902.06,Brooklyn
1718,4072.02,Brooklyn
1719,3853.02,Brooklyn
1720,4310.06,Brooklyn
1721,4113.01,Brooklyn
1722,4408.07,Brooklyn
1723,3999.06,Brooklyn
1724,4031.05,Brooklyn
1725,4500.07,Brooklyn
1726,4146.02,Brooklyn
1727,3958.02,Brooklyn
1728,4105.01,Brooklyn
1729,4290.06,Brooklyn
1730,3925.03,Brooklyn
1731,4131.03,Brooklyn
1732,3428.04,Brooklyn
1733,3950.03,Brooklyn
1734,4023.05,Brooklyn
1735,3952.07,Brooklyn
1736,3845.05,Brooklyn
1737,8141.05,Bronx
1738,3991.04,Brooklyn
1739,4064.03,Brooklyn
1740,3885.06,Brooklyn
1741,3356.07,Brooklyn
1742,7113.05,Manhattan
1743,4129.1,Brooklyn
1744,3934.07,Brooklyn
